first_name,last_name,email_address,gender
Dilan,Travers,d.travers@example.com,M
Cherise,McCartney,c.mccartney@example.com,F
Nola,Atkins,n.atkins@example.com,M
Braden,Washington,b.washington@example.com,M
Siobhan,Dominguez,s.dominguez@example.com,F
Lemar,Conley,l.conley@example.com,M
Tyreese,Almond,t.almond@example.com,M
Alejandro,Case,a.case@example.com,M
Jessie,Francis,j.francis@example.com,F
Ilyas,Lister,i.lister@example.com,M
Gilbert,Cotton,g.cotton@example.com,M
Sama,Coombes,s.coombes@example.com,F
Elleanor,Dodson,e.dodson@example.com,F
Giacomo,Wall,g.wall@example.com,M
Brooklyn,Harrison,b.harrison@example.com,M
Lily,Reader,l.reader@example.com,F
Lorna,Wilkins,l.wilkins@example.com,F
Faith,Wainwright,f.wainwright@example.com,F
Efa,Frame,e.frame@example.com,F
Shereen,Bruce,s.bruce@example.com,F
Austen,Mooney,a.mooney@example.com,M
Shola,Ross,s.ross@example.com,M
Kalem,Cresswell,k.cresswell@example.com,M
Shelley,Schmitt,s.schmitt@example.com,F
Eliana,Greaves,e.greaves@example.com,F
Jadine,Drew,j.drew@example.com,F
Zuzanna,Bone,z.bone@example.com,F
Saim,Oneal,s.oneal@example.com,M
Tommie,Vickers,t.vickers@example.com,M
Leena,Logan,l.logan@example.com,F
Junaid,Mata,j.mata@example.com,M
Viktor,Simon,v.simon@example.com,M
Howard,Chung,h.chung@example.com,M
Tina,Avila,t.avila@example.com,F
Mehmet,Wickens,m.wickens@example.com,M
Jeffery,Pineda,j.pineda@example.com,M
Lucie,Schultz,l.schultz@example.com,F
Myah,Durham,m.durham@example.com,F
Nico,Ibarra,n.ibarra@example.com,M
Sahra,Horton,s.horton@example.com,F
Tala,Lake,t.lake@example.com,F
Fionnuala,Sparks,f.sparks@example.com,F
Priscilla,Fuller,p.fuller@example.com,M
Katey,Lowry,k.lowry@example.com,F
Dale,Devine,d.devine@example.com,M
Rumaysa,Clements,r.clements@example.com,F
Jonathan,Flores,j.flores@example.com,M
Talitha,Timms,t.timms@example.com,F
Harri,Miller,h.miller@example.com,F
Leo,Curran,l.curran@example.com,M
Kwabena,Pearce,k.pearce@example.com,M
Hayley,Swan,h.swan@example.com,F
Leighton,Carney,l.carney@example.com,F
Nabilah,Levine,n.levine@example.com,F
Mohammod,David,m.david@example.com,M
Musab,Douglas,m.douglas@example.com,M
Dante,Gillespie,d.gillespie@example.com,M
Gabriela,Wilks,g.wilks@example.com,F
Aarav,Collier,a.collier@example.com,M
Zi,Conner,z.conner@example.com,F
Clive,McGee,c.mcgee@example.com,M
Clyde,Farrington,c.farrington@example.com,M
Robson,Alvarez,r.alvarez@example.com,M
Kaylen,Garrett,k.garrett@example.com,F
Karam,Branch,k.branch@example.com,M
Dotty,Crouch,d.crouch@example.com,F
Tiegan,Casey,t.casey@example.com,F
Bayley,Burrows,b.burrows@example.com,M
Kelsie,Roy,k.roy@example.com,F
Vlad,Dotson,v.dotson@example.com,M
Bushra,Ross,b.ross@example.com,F
Zhane,Weston,z.weston@example.com,F
Katy,Erickson,k.erickson@example.com,F
Jaydon,Ratcliffe,j.ratcliffe@example.com,M
Keri,Morin,k.morin@example.com,F
Colette,Donald,c.donald@example.com,F
Corbin,Whitworth,c.whitworth@example.com,M
Massimo,Aguilar,m.aguilar@example.com,M
April,Bishop,a.bishop@example.com,F
Shirley,Ward,s.ward@example.com,F
Benas,Lovell,b.lovell@example.com,M
Pharrell,Nielsen,p.nielsen@example.com,M
Tiago,Howells,t.howells@example.com,M
Cairo,Espinoza,c.espinoza@example.com,F
Rudy,Crane,r.crane@example.com,F
Poppie,Whittle,p.whittle@example.com,F
Jayce,Hays,j.hays@example.com,M
Zion,Gamble,z.gamble@example.com,M
Anita,Maxwell,a.maxwell@example.com,F
Rayhan,Redman,r.redman@example.com,M
Polly,Millington,p.millington@example.com,F
Wesley,Sykes,w.sykes@example.com,M
Kairo,Mill,k.mill@example.com,M
Shah,Dalby,s.dalby@example.com,M
Skye,McKnight,s.mcknight@example.com,F
Mallory,Thomson,m.thomson@example.com,F
Domonic,Weaver,d.weaver@example.com,M
Vladimir,Stanley,v.stanley@example.com,M
Wendy,Dennis,w.dennis@example.com,F
Roxy,Morrison,r.morrison@example.com,F
